見る	答え	⇒	解ける	分	絶対	p.tl	これ	ロタ	ｗｗｗｗ	奴	むかつく	天才	いける	覚悟	万が一	秒	もの	年齢	30	小学生	脳	twwi.biz	#分かったらRT	難解	大学院生	何	突き抜く	なくなる	突き抜ける
at	'	I	m	4sq.com	(	,	市	)	県	名古屋	福岡	店	愛知	区	w	仙台	Nagoya	Fukuoka	メッセ	宮城	博多	セブン	中村	国際展示場	青葉	イレブン	ポート	Hall	岡山
­	一	人	いる	動画	コチラ	すぎる	goo.gl	する	これ	ヤバ	間	さま	変	注意	える	ｗｗｗ	瞬	血液	ビ	毒	滴	猛毒	­】­	bit.ly	おじ	ネコ	化粧	専用	おば
中	ドリフト	ゲーム	配信	iOS	向け	決める	好評	最速	wpp.jp	スピリッツ	#ドリフトスピリッツ	受付	館	通販	新宿	ユニオン	ディスク	綱	ロック	blog-shinjuku-jp.diskunion.net	銀の匙	酪農	#noitamina	インディーズ	ちる	noitamina.tv	コンプ	完成	#ginsaji
する	紹介	ダイエット	れる	性	企画	友達	ある	まとめる	応援	痩せる	拡散	思う	メール	の	メイク	動物	相手	顔	行う	②	①	③	おっさん	goo.gl	日本人	続き	海外	アーサー	私
ポイント	1	サイト	100	楽天	会	出来る	万	当たる	明日	抽選	ラッキー	総額	スクラッチ	チャレンジ	残念	使う	www.rakuten-apps.jp	つく	ハズレ	円	換金	p.tl	@	買う	DVD	movie	48	賞	trnd
する	れる	いる	の	せる	様	言う	New	行く	感謝	Chitose	気持ち	新千歳空港	振り込む	CTS	RJCC	デザイン	愛す	掲載	ビル	姿	千歳	内容	父	連絡	アップ	署名	頂く	方々	議員
goo.gl	マンガ	読む	てる	ボックス	話	WORLDZ	GREEN	奴隷	区	最新	更新	読める	#マンガボックス	でる	事件	?	どく	あらう	おすすめ	れる	暇つぶし	(*´	｀*)	王様ゲーム	(^_^;)	楽しみ	∀	知る	天空
/	#相互フォロー	野球	#AKB48	#RT拡散	#初心者	パチンコ	SMAP	副業	#autofollowjp	ネット	楽天	アフィリ	安倍	⇒　	ゲーム	ラーメン	株式	ソープ	１	円	アニメ	アマゾン	簡単	FX	主婦	競馬	！⇒　	8	方法
fb.me	本日	...	今日	おる	くださる	営業	開催	オープン	お待ち	来店	お願い	～	天気	致す	時	日	ランチ	販売	頂く	!!	風	昨日	サービス	お知らせ	いたす	皆様	メール	元気	お客様
できる	無料	方法	利用	公開	こと	確実	初心者	稼ぐ	実践	p.tl	安心	初期	安全	一切	費用	ＰＣ	かかる	デメリット	リスク	レポート	現金	ページ	1200	入り	誰	基礎	圧倒的	コンテンツ	図解
０	１	３	円	稼ぐ	日	万	５	２	～	方法	８	公開	６	出す	７	男	報酬	ヶ月	完全	井上	ノウハウ	アフィリエイト	突破	壁	ツイッター	urx.nu	毎日	対談	４
j.mp	株式会社	情報	こちら	クリニック	相談	会社	求人	サイト	ナース	#港区	専門	関連	HP	科	公式	等	看護	通販	探す	事務所	全国	電話	外科	％	不動産	交通	治療	住宅	#新宿区
する	何	せる	度	的	事	レポート	私	可能	登録	#相互フォロー	情報	ダウンロード	合法	出る	画面	しまう	メアド	いただく	♪　	理解	メール	頂く	先	インフォゼロ	いただける	女の子	パーティ	壁紙	無料
♪	bit.ly	無料	ギフト	分	券	Amazon	店	500円	中	密着	以外	男性	もらえる	コイン	貯まる	こ	交換	できる	食べる	チャルメラ	海	塗る	配布	肉	始める	棒	旦那	#nowplaying	#radsone
♡	～	bit.ly	女性	限定	収入	今	4	ここ	教える	完全	友達	OK	式	話題	あげる	大人気	最大	自宅	バイト	毎月	ツイッターアフィリエイト	マクドナルド	時給	320	アダルト	,	500円	・スマホ	手
bit.ly	#ニュース	やる	#速報	#VIP	せる	#まとめ	プレ	まじ	:	無料	#2ch	#アニメ	どる	画像	wwwwww	速報	GET	あり	ｗｗｗｗｗｗｗｗｗｗ	選手	#漫画	金メダル	#スポーツ	羽生結弦	#ゲーム	売る	ヤフオク	韓国	術
する	いる	これ	裏技	使う	最新	艦	無料	GET	bit.ly	劇的	技	増加	裏	娘	全員	ポイント	DMM	勝者	艦隊	人	ドラゴン	やる	オンライン	♪	対応	ドロップ	自在	操る	ゲーム
bit.ly	無料	プレ	ソチ	五輪	o	(^	#ニュース	スポーツ	選手	#スポーツ	）:	プレゼント	...	#速報	オリンピック	今日	^)	^)／	サンケイ	ジャンプ	公演	銀	葛西	予想	フィギュア	メダリスト	＼(^	メダル	村
人	の	みる	いる	bit.ly	こと	#	用	試す	dlvr.it	～	寝る	れる	誰	私	帽子	C	赤	nmgam.es	気づく	白	こちら	創価学会	www.viral-manager.com	分かる	たくさん	結果	特別	いま	後ろ
bit.ly	目	人	成功	こちら	完全	仲間	twitter.com	そう	ネタ	的	sn-tools.net	先生	発	本質	級	哲学	行動	過去	動画	彼女	完全版	條	冶	勇	判明	男	！⇒	ワンピース	発言
手	無限	4	裏	ワザ	入る	最強	アイテム	bit.ly	モンスター	武器	ハンター	モンハン	４	金	楽	増殖	やる	シリーズ	裏技	すべて	対応	#	歴代	♪	ビール	地ビール	缶	セット	種
年	8	3	発売	月	2013	予定	7	号	予約	佐藤	セット	amzn.to	夏	ストーリー	待ち	春	item.rakuten.co.jp	活躍	イメージ	THE	フィギュア	性	DVD	豪華	s	10	ちる	AAA	ver
する	ちゃん	ー	てる	来る	ある	撮影	笑	さ	!!	下さる	ん	今日	みなさん	結果	ちる	会	ift.tt	｀)	一生	主婦	.jp	問	実験	握手	個人	そう	なる	·	パート
いる	こと	なる	よう	する	思う	できる	ある	の	そう	ん	たち	くれる	出る	心	...	fb.me	生活	誰	それ	先祖	私	仕事	結婚	くる	言葉	今週	もらう	勉強	人間
goo.gl	ん	募集	いる	名	く	業界	twitter.com	チャット	ライブ	肌	対策	ら	基本	28	v	口	見つける	NO	車検	単語	ニキビ	1	いく	No	グルメ	レッスン	背中	試合	杯
する	ー	ﾟ	ちゃう	応募	教える	イオン	フェア	すぎる	tinyurl.com	`	キャンペーン	映像	トク	方	気	動く	友人	#イオンおトクキャンペーン	こと	koreosusu.me	死ぬ	∀	衝撃	ふる	ゾンビ	プレゼント	;)	Д	つける
する	フォロー	方法	自動	アカウント	bit.ly	増える	フォロワー	リツイート	ツイッター	ツイート	いく	あなた	つぶやき	#相互フォロー	放ったらかし	フォロアー	相互	毎日	twitter	化	コレ	厳選	特集	twitter.com	つぶやく	ロシア	瞬間	迫力	映像
.	2	1	3	4	6	0	5	7	kg	あと	％	8	彼女	現在	S	体重	26	Vol	vol	連続	偏差値	N	+	22	減る	順位	さん	G	nk-16.net
#sougofollow	:	#相互フォロー	dlvr.it	iTunes	#followme	#goen	集	#followmejp	喫煙	中	特集	愛	人気	CM	de	#followdaibosyu	ヤバイ	絵	芸能人	募集	#followback	～！」	要約	カ	タバコ	~	あの人	18	編
日	2	:	月	16	2014	11	/	00	30	15	02	年	時	18	21	17	13	23	19	時間	～	20	土	会	起床	出演	さん	LIVE	記念
アプリ	iPhone	Android	話	女子	ht.ly	登場	ow.ly	クリア	#テラハ	テラスハウス	系	スマホ	南	メンバー	人気	世界	記録	電子書籍	男子	iPad	内	衝撃	始める	聖	図鑑	前	アンドロイド	デート	ストア
[	)	pic	]:	日	みんな	チェック	2	あなた	ツイッター	/	歴	点	r.twiche.net	♫	　(	5	.	0	(@	15	詳細	数	平均	件	dlvr.it	さん	評価	満点	_
3	招待	一緒	コード	衝撃	⇒	時	遊ぶ	ID	られる	#便利と思ったらRT	入力	つける	LINE	掛け算	✦【	開始	もらえる	読	ゲーム	既	ため	動画	見る	周り	カップル	アイテム	goo.gl	様々	6
fb.me	20	ら	回	センター	場	—	...	駐車	美術館	前	国立	行う	TOKYO	祭	vine.co	案内	みる	THE	参加	代	2	とる	アート	15	ART	めん	場所	スタート	家
:	itunes.apple.com	.	有名	男	プレー	#rb_plus	AR	Score	年収	二	大学	１つ	フリーター	○○○	中退	出す	info-zero.jp	間にあう	DL	てる	動画	め	ん	重	上	90	稼ぐ	イケメン	キチガイ
する	リア充	ゲーム	育成	nagisa-inc.jp	進化	夢	狂気	#リア充狂想曲	狂想曲	アイドル	携帯	少女	ロック	解除	電話	twitpic.com	番号	暗証	作成	ムービー	おじさん	目	恵	49	宇崎	コピーライティングレポート	吾	#SlideMovies	オタク
画像	なる	自分	する	方	れる	使う	⇒	Twitter	下さる	気	すぎる	皆さん	付ける	晒す	bit.ly	悲惨	探す	条件	htn.to	間違い	クリエイト	c23.biz	みなさん	トップ	・・・ゾッ	それ	Japan	取り扱い	国
r.gnavi.co.jp	店	goo.gl	味	ランチ	カレー	食べる	♪　	ため	空間	料理	産	しまう	スープ	カフェ	麺	話	牛	雰囲気	野菜	他	アフィリ	丼	本気	銀座	処	始める	新鮮	パスタ	楽しめる
bit.ly	無料	する	方法	版	謎	ゲット	LINE	すべて	11	13	課金	とける	...！	]	力	全部	Play	改訂	ジェム	最大限	['	姫	読める	車	S	通話	ケリ	攻撃	はじめ
shindanmaker.com	人気	-	飲む	|	描く	酒	通り	6	先生	info	#マルコスロット	日本	スロット	商品	スマート	放題	amzn.to	映画	三	zero	花	セット	様	本	フォン	四万十川	本店	比べる	追加
@	_	位	3	2	いる	みんな	1	診断	あなた	リスト	人	片思い	l.twiche.net	pr	コラージュ	twtm.kr	親友	__	ディズニー	@_	K	no	k	17	amikitkat	33	9	シー	love
ｗｗｗ	好き	日本	られる	アニメ	サイト	自分	当てる	キャラクター	すぎる	全部	女優	ハリウッド	歌手	思い浮かべる	ぇぇぇ	遊び方	p.tl	⇒	GROUP	津島	bot	voice	回廊	ONE	山田	ミラー	修復	思う	ethical
;	&	gt	amp	lt	:	tinyurl.com	#amazon	物	;&	位	店	一番	www.amazon.co.jp	-&	..	|	..-&	音楽	10	BR	;_&	2	新人	quot	雑貨	(&	目	グッチ	薔薇
パズドラ	パズル	ツール	アプリ	石	魔法	bit.ly	最強	入れる	レア	持つ	てる	モンスター	やる	手	使える	好き	神	チート	レベル	全て	♪	自動	パソコン	発見	対応	ソフト	究極	攻略	いる
あなた	ある	本	希望	[	お金	関係	amzn.to	読む	性格	夢	かかる	環境	素質	家庭	叶う	]★	方	自分	－	ため	科学	しる	効果	一	集中	ワン	成長	6	9
bit.ly	日	こちら	２	ある	笑	動画	付き	本	４	驚愕	将来	タバコ	メルマガ	by	心配	吸う	型	すぎる	貫禄	歳児	詳細	ロタ	集客	役立つ	ww1.sinaimg.cn	アクセス	達成	^^	～
円	万	方法	月	月収	９	４	アフィリエイト	不労所得	０	稼げる	urx.nu	構築	ネット	インフォゼロ	５	２	資金	www.viral-manager.com	稼ぐ	秘密	体験	千	歳	日給	私	ビジネス	もらう	以上	会員
bit.ly	無料	歯科	12	氏	言う	GET	許す	毎日	分	Photoshop	治療	徒歩	Adobe	Elements	#2ch	歯科医院	村	矯正	#ニュース	永久	たち	会	もの	レポート	等	:	議員	皆様	一般
する	bit.ly	方法	続ける	かける	ツイッター	使用	6	事	まくる	時間	つぶやき	勝手	増殖	フォロアー	フォロー	お金	アプリケーション	ドル	無限	GTA	Ⅴ	増	８	兵長	オンライン	ebay	脱サラ	urx.nu	#兵長観察ずかん
ある	の	行く	来る	‼	買う	中	ニュース	Y	車	twitter.com	!	君	塩	headlines.yahoo.co.jp	さ	山	東北	仕事	愛	返す	必要	二	暇	とき	作	マツコ	バレンタイン	ランキング	感じ
する	bit.ly	　＃	三	時間	＃	ameblo.jp	家	問題	カメラ	解決	こちら	www.facebook.com	テクニック	改善	しれる	以内	?	六	自宅	Blog	牛	桜	数学	十	宝	可能	建築	王	庭
#ヤフオク	atq.ck.valuecommerce.com	新品	M	品	黒	付	G	セット	S	年	L	レディース	美	メンズ	枚	腕時計	柄	B	H	A	DVD	CD	DJ	製	5	７	盤	白	cm
登録	1	獲得	ポイント	円	最大	小遣い	ゲット	1000	twpss.jp	中	無料	キャンペーン	実施	商品	サービス	50	万	つぶやく	新規	簡単	数	今	ツイート	Twitter	夢じゃない	稼ぐ	只今	つぶやき	できる
さん	twitter.com	屋	RT	美女	てる	ー	思う	食べる	こちら	マシーン	日焼け	FA	ドッキリ	ラーメン	達	さ	反応	“@	金髪	お願い	imglogs.com	もの	jp	こ	走る	こいつ	爆笑	仕掛ける	取り戻す
する	5	4	的	twitter.com	FX	始める	もの	所	選ぶ	弾	私	幸せ	paramount-campaign.com	トレード	#欲つぶやけ	定期	完全	てる	システム	いかが	充実	クロ	思う	提供	年生	告知	書く	男性	スタバ
(	)	札幌	町	北海道	T	郡	ヨドバシカメラ	マルチメディア	中央	進撃の巨人	Sapporo	伏線	回収	道のり	北	ネタバレ	須恵	大山崎	27	条	ファクトリー	ドーム	館	糟屋	豊平	バス停	#googlenewsjp	西	Akiba
これ	bit.ly	艦	ツール	攻略	提督	業	はかどる	艦隊	くし	ょん	やる	娘	無料	オンライン	folu.me	対応	♪	#艦これ	1	#パズドラ	①(	人	言う	ゲーム	②（	上げる	芋	表現	#魔法石
する	できる	１	なる	れる	後	こと	方法	p.tl	ツイッター	度	分の	設定	凍結	ほったらかす	０	絶対	フォロワー	増やす	夢	基準	ネット	トップ	業界	たち	和正	川島	塾	出身	あの人
理由	⇒	消える	芹那	方	ある	ガチ	こちら	年	本当	w	動画	過ぎる	声	普通	入る	２	ころ	地声	p.tl	すぎる	喋る	４	身近	１	!?	０	2014	煙草	ご存知
フォロワー	ツイッター	人	増やす	自動	得る	方法	bit.ly	収入	以上	50	フォロアー	週間	万	作り方	不労所得	獲得	数	集金	月	マシン	39000	1	twitter	増加	プル	簡単	2000	即効	Twitter
fb.me	雪	...	今日	大雪	いる	の	昨日	てる	春	くる	天気	前	雪かき	一	朝	日	残る	除雪	道	大変	くれる	車	バス	溶ける	皆さん	家	無事	車線	歩く
fb.me	s	?	:	by	利用	-	the	漫画	soundcloud.com	on	~	a	風	The	終了	7	iPhone	km	...	Runtastic	#Runtastic	Have	you	h	#SoundCloud	Jリーガー	heard	for	☞
ブログ	更新	情報	最新	ページ	自動	dlvr.it	...	:	_	ドラマ	開く	時間	データ	ジャンル	single	AF	常時	左側	限定	ペット	品	バーゲン	サービス	可能	挑戦	キッズ	ameblo.jp	グッズ	amba.to
,	1	bit.ly	5	000	稼ぐ	どうぶつの森	ワンピース	ベル	最強	レアアイテム	最速	回	今日	放送	終了	時間	とびだせる	バグ	率	来週	テレビ静岡	%	集	徹底	解説	回収	平均	c	YouTube
bit.ly	術	枚	ため	できる	恋愛	アルバム	彼氏	アップロード	|	ショップ	アップ	不要	等	出品	モテ	電子書籍	アドレス	一つ	カラー	法則	ビジネス	量産	力	製造	販売	決定	市内	ライブ	組
する	2	くださる	個	PSO	水	紹介	購入	ある	リットル	容器	リング	商品	次	値段	ランド	お越し	二	ネジ	也	使う	5od.biz	せる	下記	店内	スト	回す	アンティーク	譲り	感
bit.ly	無料	⇒	DL	総合	PDF	位	ポケモン	仕事	3	｢	裏	Amazon	簡単	中	バグ	ワザ	｣。	紹介	100	レベル	色	方	4	違い	ファミ通	攻略	XY	捕まえる	有る
+	アプリ	dropmusic.ignom.jp	9	おすすめ	曲	聴く	#dropmusic	音楽	➡	いる	DropMusic	無料	最高	soundcloud.com	#nowplaying	れる	ん	是非	いう	俺	心地	生きる	最近	結果	ダウンロード	皆さん	ヘビー	全曲	プロ
4sq.com	(@	)	店	))	w	Coffee	Starbucks	マクドナルド	スタジアム	.))	来る	駅前	昼	本店	シティ	プラザ	渋谷	イトーヨーカドー	ステーション	大宮	パーク	日本平	IAI	j	starbucks	タイトー	Plaza	休憩	久々
する	くださる	みる	10	作る	用	www.nicovideo.jp	定期	思う	是非	参加	スタンプ	ため	カフェ	マイ	再生	僕	実況	ニコニコ動画	いる	プレゼント	活用	格安	ピザ	もらえる	電子	聞く	入門	パイプ	p
中	3	いる	!	限定	世界	⇒	100	p.tl	人	D	楽しむ	iPhone	大人気	万	www	ゲーム	ユーザー	超える	高校生	美麗	冒険	クオリティー	広大	引退	ネオ	資産	今	篤史	注目
-	ホーム	2	7	1	F	6	12	B	R	番線	8	13	15	14	アニメイト	V	千葉	化	高	安定	型	01	06	km	107	TS	25	元気	予測
円	12	送料	位	無料	r10.to	セット	楽	ダウン	あす	プライス	ホワイト	10	#フォロー返し	!!	セール	箱	13	ml	SALE	サイズ	マーク	デザイン	ケース	激	kg	特価	訳	ブック	be-style.net
(	'	m	I	at	,	)	市	4sq.com	大阪	府	県	京都	横浜	神奈川	駅	区	Sta	.)	静岡	川崎	線	Yokohama	JR	大阪市北区	岩手	横須賀	西区	大阪市中央区	浜松
無料	bit.ly	万	情報	稼ぐ	毎月	以上	円	作業	簡単	時間	配布	方法	初心者	稼げる	25	ネット	作る	３	自動的	可	PC	ＯＫ	５	30	初月	仕組み	お金	稼ぎ	儲かる
ー	レポート	円	億	info-zero.jp	ビジネス	ゼロ	あなた	１	講座	独占	DL	間にあう	安泰	これ	日本	自由	数	ift.tt	決定	作る	男	週間	プレゼント	via	受ける	手術	検査	Mostly	回避
@	位	_	1	3	ランキング	2	あなた	番	チェック	♫	１	仲	fr.ifav.jp	8	__	0	s	k	eight	@_	r	EE	sibutani	@___	83	xxx	03	0215	07
(	東京	m	'	I	at	都	,	4sq.com	)	区	駅	w	others	/	.)	Sta	千代田	渋谷	新宿	秋葉原	Akihabara	港区	品川	大田	JR	豊島区	Shinjuku	池袋	江東
無料	bit.ly	アプリ	アメーバピグ	Android	⇒	妹	裏技	版	上	iPhone	ドラゴン	ガチャ	開く	出会い	確率	右	有料	k4wu.com	激	こちら	safari	クエスト	♪	管理	猫	RPG	釣り	スロット	弟
'	m	at	I	,	4sq.com	県	(	)	店	市	埼玉	千葉	区	中央	新潟	さいたま市	兵庫	郡	町	茨城	さいたま	大宮	奈良	スーパー	神戸	アリーナ	山形	東	新都心
48	o	@	tou.ch	つき	写真	タッチ	AKB	by	相性	いう	誕生	あり	irotsuku.com	　@	(｀	irotsuku	15	NMB	来る	停車	^)/*	開始	SKE	*\(^	期	HKT	公園	撮影	駅
人	なる	p.tl	注意	話題	閲覧	心臓	流出	テスト	ポルノ	カノ	北朝鮮	死刑	金正恩	すぎ	女	T	moi.st	#市民災害対策本部	|	グロ	キャス	心理	すぎる	～♪	犯罪	先	ｗｗｗｗｗ	22	コワイ
bit.ly	山梨	為	記事	終了	リンク	県	勝つ	法	笑う	教える	仕方	ニュース	中	状況	判明	員	こちら	現在	いいとも	パチスロ	する	立ち回り	必読	確実	従業	40	日	国道	14
する	必見	報酬	アフィリエイト	くん	足跡	お願い	インフォトップ	高額	名	ここ	ツール	アフィリエイター	www.infotop.jp	プログラム	1000	歳	始める	犬	募集	猫	残す	ﾉ	階	くれる	オススメ	館	危険	サイト	期限
動画	xrs.sakura.ne.jp	見える	の	#AV	感じる	xrs.sub.jp	8	#アダルト	#エロ動画	#エロ	#AV女優	そう	女優	400	くれる	中出し	ピンク	コスプレ	マッサージ	;&	～	チリ	時間	淫ら	身体	登録	素人	イキ	分
者	開催	2	セミナー	内定	卒	早期	)	(	16	/	夜	24	系	広告	月	in	攻略	向ける	席	京都	向け	19	bit.ly	残	集結	2016	東京	サマー	インターン
fb.me	写真	投稿	Facebook	する	メンバー	すっぴん	顔	掲載	別人	一挙	ボンバー	本名	ゴールデン	Ara	マジ	小田原	キムチ	オート	こと	—	診断	RealStream	さいき	1130	土手	キング・ブターデス	倍	新作	３
!	♥	jump.cx	動画	ダウンロード	価格	18禁	アダルト	高画質	人気	ホ	スマ	チ	ポ	たち	!♥	中出し	号	せる	時間	くれる	子供	ミラー	マジック	❗	今	事	エロ	達	プレイ
しまう	てる	みる	ちゃう	今	マジ	見える	知る	すぎる	一番	注意	3od.biz	見れる	写真	ガチ	撮る	認証	閲覧	心霊	心霊写真	しんご	人生	する	答え	ん	変わる	衝撃	観	コチラ	画像
"	:	好き	"@	出演	まとめ	チョコ	デザイン	youtu.be	彼	チョコレート	作品	バレンタイン	台湾	_	｡	•	by	もらう	俺	検索	buff.ly	決定	観る	飲む	matome.naver.jp	Q	似る	喜ぶ	嵐
無料	情報	簡単	goo.gl	bit.ly	的	リスト	集める	ダウンロード	法	採用	方	非常識	者	暴露	≪	面接	爆発	≫	最短	年収	＾♪	ゼロ	集まる	担当	収集	人事	1000	なる	内容
j.mp	,	#kindle	!	...	14	-	10	出品	¥	♦	29	18	www.creema.jp	3	800	Creema	#Creema	08	*	五	影響	52	一郎	C	スター	429	55	掲載	#榊一郎
(	w	/	others	駅	Sta	)	.)	4sq.com	(@	JR	-	Airport	Tokyo	Saitama	.))	Prefecture	Yokohama	International	大宮	Osaka	KK	Shintoshin	阪急	到着	CP	羽田空港	パシフィコ横浜	みなとみらい	22
人	1	10	方法	いる	知る	分	万	一	稼げる	日	稼ぐ	わかる	ヶ月	25	使う	ツイッター	誰	確実	ちゃう	300	色	考える	の	urx.nu	みんな	あたり	生き残る	射殺	難問
bit.ly	の	動画	笑	倍	法	ブラック	10	⇒【】	モン	～！	@	ジャック	編	無料	美容	やく	:	カレ	現れる	フジ	店舗	dokkiridouga	フジモンドッキリ	ユッキーナ	ヤキモチ	#可愛いと思ったらRT	必勝	14	クーポン
]	[	楽天	a.r10.to	#RakutenIchiba	!!	ﾟ	く	送料	#ダイエット	～	たつ	ﾉ	ぁ	PR	!!!	美	見る	ー	今	ビックリ	*	ダ	ッ	!!!!	メール便	ニャン	びっびっびっびっ	タッ	!
くる	詳細	分かる	意味	p.tl	する	時	ハピタス	帰る	経由	ヤフオク	すぎる	⇒　	入札	本当	きた	鳥肌	ポイント	件	得	@	pict-twitter.com	なる	#拡散希望	大変	全身	速報	知る	⇒	買える
:	-	(	vine.co	]	プレイ	版	[	スコア	ランク	･	A	bit.ly	...	#	#リズミン	その他	生産	限定	劇場	amzn.to	タウン	アニメ	戦士	Blu-ray	星	ベストセラー	完全	ベスト	ガンダム
これ	艦	ツール	情報	無料	便利	裏技	見る	全て	全部	見れる	総合	bit.ly	対応	♪	オンライン	やる	人	いる	ゲーム	化	マクロ	ＬＩＮＥ	動作	出撃	小	使える	面白	II	www.digimart.net
